Date,Period,NiftyReturn
25-01-2001,1,-11%
24-02-2001,1,-23%
26-03-2001,1,-24%
25-04-2001,1,-18%
25-05-2001,1,-13%
24-06-2001,1,-27%
20-01-2002,2,-16%
19-02-2002,2,-18%
21-03-2002,2,-13%
20-04-2002,2,-12%
20-05-2002,2,-11%
19-06-2002,2,-16%
15-01-2003,3,-11%
14-02-2003,3,-15%
16-03-2003,3,-13%
15-04-2003,3,-12%
15-05-2003,3,-11%
14-06-2003,3,-11%
10-01-2004,4,6%
09-02-2004,4,2%
10-03-2004,4,5%
09-04-2004,4,7%
09-05-2004,4,8%
08-06-2004,4,1%
04-01-2005,5,6%
03-02-2005,5,4%
05-03-2005,5,7%
04-04-2005,5,8%
04-05-2005,5,8%
03-06-2005,5,7%
30-12-2005,6,11%
29-01-2006,6,10%
28-02-2006,6,12%
30-03-2006,6,16%
29-04-2006,6,18%
29-05-2006,6,14%
28-06-2006,6,14%
25-12-2006,7,14%
24-01-2007,7,13%
23-02-2007,7,14%
25-03-2007,7,16%
24-04-2007,7,17%
24-05-2007,7,16%
23-06-2007,7,18%
20-12-2007,8,18%
19-01-2008,8,16%
18-02-2008,8,17%
19-03-2008,8,16%
18-04-2008,8,18%
18-05-2008,8,17%
17-06-2008,8,17%
14-12-2008,9,7%
13-01-2009,9,5%
12-02-2009,9,7%
14-03-2009,9,8%
13-04-2009,9,11%
13-05-2009,9,10%
12-06-2009,9,15%
09-12-2009,10,13%
08-01-2010,10,12%
07-02-2010,10,12%
09-03-2010,10,14%
08-04-2010,10,15%
08-05-2010,10,13%
07-06-2010,10,14%
24-07-2001,1,-20%
23-08-2001,1,-22%
22-09-2001,1,-34%
22-10-2001,1,-17%
21-11-2001,1,-14%
21-12-2001,1,-13%
20-01-2002,1,-20%
19-02-2002,1,-12%
21-03-2002,1,-1%
20-04-2002,1,-5%
20-05-2002,1,-9%
19-06-2002,1,-2%
19-07-2002,2,-12%
18-08-2002,2,-15%
17-09-2002,2,-12%
17-10-2002,2,-9%
16-11-2002,2,-10%
16-12-2002,2,-6%
15-01-2003,2,-11%
14-02-2003,2,-11%
16-03-2003,2,-7%
15-04-2003,2,-9%
15-05-2003,2,-10%
14-06-2003,2,-1%
14-07-2003,3,-4%
13-08-2003,3,-3%
12-09-2003,3,2%
12-10-2003,3,9%
11-11-2003,3,9%
11-12-2003,3,12%
10-01-2004,3,13%
09-02-2004,3,13%
10-03-2004,3,17%
09-04-2004,3,17%
09-05-2004,3,15%
08-06-2004,3,13%
08-07-2004,4,3%
07-08-2004,4,4%
06-09-2004,4,6%
06-10-2004,4,11%
05-11-2004,4,11%
05-12-2004,4,13%
04-01-2005,4,11%
03-02-2005,4,12%
05-03-2005,4,17%
04-04-2005,4,16%
04-05-2005,4,13%
03-06-2005,4,18%
03-07-2005,5,11%
02-08-2005,5,11%
01-09-2005,5,13%
01-10-2005,5,17%
31-10-2005,5,14%
30-11-2005,5,17%
30-12-2005,5,16%
29-01-2006,5,18%
28-02-2006,5,21%
30-03-2006,5,24%
29-04-2006,5,25%
29-05-2006,5,24%
28-06-2006,5,23%
28-07-2006,6,15%
27-08-2006,6,17%
26-09-2006,6,20%
26-10-2006,6,20%
25-11-2006,6,22%
25-12-2006,6,19%
24-01-2007,6,21%
23-02-2007,6,23%
25-03-2007,6,22%
24-04-2007,6,23%
24-05-2007,6,25%
23-06-2007,6,26%
23-07-2007,7,19%
22-08-2007,7,18%
21-09-2007,7,22%
21-10-2007,7,23%
20-11-2007,7,25%
20-12-2007,7,23%
19-01-2008,7,23%
18-02-2008,7,24%
19-03-2008,7,22%
18-04-2008,7,23%
18-05-2008,7,25%
17-06-2008,7,23%
17-07-2008,8,14%
16-08-2008,8,17%
15-09-2008,8,17%
15-10-2008,8,13%
14-11-2008,8,11%
14-12-2008,8,10%
13-01-2009,8,10%
12-02-2009,8,12%
14-03-2009,8,11%
13-04-2009,8,14%
13-05-2009,8,16%
12-06-2009,8,20%
12-07-2009,9,13%
11-08-2009,9,15%
10-09-2009,9,17%
10-10-2009,9,17%
09-11-2009,9,17%
09-12-2009,9,16%
08-01-2010,9,17%
07-02-2010,9,17%
09-03-2010,9,18%
08-04-2010,9,18%
08-05-2010,9,19%
07-06-2010,9,19%
07-07-2010,10,14%
06-08-2010,10,15%
05-09-2010,10,17%
05-10-2010,10,17%
04-11-2010,10,18%
04-12-2010,10,16%
03-01-2011,10,17%
02-02-2011,10,17%
04-03-2011,10,17%
03-04-2011,10,17%
03-05-2011,10,18%
02-06-2011,10,18%
19-07-2002,1,-3%
18-08-2002,1,-9%
17-09-2002,1,16%
17-10-2002,1,0%
16-11-2002,1,-6%
16-12-2002,1,3%
15-01-2003,1,-1%
14-02-2003,1,-11%
16-03-2003,1,-13%
15-04-2003,1,-14%
15-05-2003,1,-11%
14-06-2003,1,-1%
14-07-2003,2,5%
13-08-2003,2,8%
12-09-2003,2,27%
12-10-2003,2,25%
11-11-2003,2,23%
11-12-2003,2,27%
10-01-2004,2,34%
09-02-2004,2,27%
10-03-2004,2,27%
09-04-2004,2,30%
09-05-2004,2,30%
08-06-2004,2,21%
08-07-2004,3,12%
07-08-2004,3,15%
06-09-2004,3,24%
06-10-2004,3,23%
05-11-2004,3,21%
05-12-2004,3,24%
04-01-2005,3,24%
03-02-2005,3,22%
05-03-2005,3,23%
04-04-2005,3,23%
04-05-2005,3,22%
03-06-2005,3,25%
03-07-2005,4,20%
02-08-2005,4,22%
01-09-2005,4,30%
01-10-2005,4,28%
31-10-2005,4,22%
30-11-2005,4,26%
30-12-2005,4,27%
29-01-2006,4,27%
28-02-2006,4,28%
30-03-2006,4,33%
29-04-2006,4,35%
29-05-2006,4,32%
28-06-2006,4,30%
28-07-2006,5,24%
27-08-2006,5,32%
26-09-2006,5,30%
26-10-2006,5,28%
25-11-2006,5,30%
25-12-2006,5,29%
24-01-2007,5,29%
23-02-2007,5,28%
25-03-2007,5,29%
24-04-2007,5,31%
24-05-2007,5,32%
23-06-2007,5,33%
23-07-2007,6,28%
22-08-2007,6,30%
21-09-2007,6,31%
21-10-2007,6,30%
20-11-2007,6,33%
20-12-2007,6,32%
19-01-2008,6,30%
18-02-2008,6,29%
19-03-2008,6,27%
18-04-2008,6,29%
18-05-2008,6,30%
17-06-2008,6,28%
17-07-2008,7,20%
16-08-2008,7,27%
15-09-2008,7,23%
15-10-2008,7,18%
14-11-2008,7,15%
14-12-2008,7,15%
13-01-2009,7,13%
12-02-2009,7,14%
14-03-2009,7,14%
13-04-2009,7,18%
13-05-2009,7,19%
12-06-2009,7,24%
12-07-2009,8,18%
11-08-2009,8,23%
10-09-2009,8,22%
10-10-2009,8,21%
09-11-2009,8,21%
09-12-2009,8,21%
08-01-2010,8,21%
07-02-2010,8,19%
09-03-2010,8,21%
08-04-2010,8,22%
08-05-2010,8,21%
07-06-2010,8,22%
07-07-2010,9,19%
06-08-2010,9,23%
05-09-2010,9,21%
05-10-2010,9,22%
04-11-2010,9,22%
04-12-2010,9,21%
03-01-2011,9,20%
02-02-2011,9,19%
04-03-2011,9,20%
03-04-2011,9,21%
03-05-2011,9,20%
02-06-2011,9,21%
02-07-2011,10,18%
01-08-2011,10,21%
31-08-2011,10,18%
30-09-2011,10,17%
30-10-2011,10,18%
29-11-2011,10,16%
29-12-2011,10,15%
28-01-2012,10,16%
27-02-2012,10,17%
28-03-2012,10,17%
27-04-2012,10,17%
27-05-2012,10,17%
26-06-2012,10,18%
14-07-2003,1,13%
13-08-2003,1,27%
12-09-2003,1,38%
12-10-2003,1,56%
11-11-2003,1,62%
11-12-2003,1,57%
10-01-2004,1,82%
09-02-2004,1,82%
10-03-2004,1,84%
09-04-2004,1,95%
09-05-2004,1,88%
08-06-2004,1,47%
08-07-2004,2,21%
07-08-2004,2,29%
06-09-2004,2,29%
06-10-2004,2,36%
05-11-2004,2,37%
05-12-2004,2,36%
04-01-2005,2,39%
03-02-2005,2,42%
05-03-2005,2,47%
04-04-2005,2,47%
04-05-2005,2,42%
03-06-2005,2,41%
03-07-2005,3,29%
02-08-2005,3,34%
01-09-2005,3,34%
01-10-2005,3,39%
31-10-2005,3,34%
30-11-2005,3,35%
30-12-2005,3,38%
29-01-2006,3,42%
28-02-2006,3,45%
30-03-2006,3,53%
29-04-2006,3,55%
29-05-2006,3,45%
28-06-2006,3,37%
28-07-2006,4,34%
27-08-2006,4,36%
26-09-2006,4,38%
26-10-2006,4,39%
25-11-2006,4,38%
25-12-2006,4,37%
24-01-2007,4,41%
23-02-2007,4,41%
25-03-2007,4,42%
24-04-2007,4,44%
24-05-2007,4,41%
23-06-2007,4,38%
23-07-2007,5,36%
22-08-2007,5,33%
21-09-2007,5,38%
21-10-2007,5,39%
20-11-2007,5,40%
20-12-2007,5,40%
19-01-2008,5,41%
18-02-2008,5,39%
19-03-2008,5,37%
18-04-2008,5,39%
18-05-2008,5,37%
17-06-2008,5,32%
17-07-2008,6,26%
16-08-2008,6,28%
15-09-2008,6,27%
15-10-2008,6,22%
14-11-2008,6,17%
14-12-2008,6,18%
13-01-2009,6,18%
12-02-2009,6,19%
14-03-2009,6,19%
13-04-2009,6,23%
13-05-2009,6,23%
12-06-2009,6,26%
12-07-2009,7,22%
11-08-2009,7,24%
10-09-2009,7,26%
10-10-2009,7,26%
09-11-2009,7,24%
09-12-2009,7,25%
08-01-2010,7,26%
07-02-2010,7,25%
09-03-2010,7,27%
08-04-2010,7,28%
08-05-2010,7,25%
07-06-2010,7,23%
07-07-2010,8,23%
06-08-2010,8,24%
05-09-2010,8,24%
05-10-2010,8,26%
04-11-2010,8,25%
04-12-2010,8,24%
03-01-2011,8,25%
02-02-2011,8,24%
04-03-2011,8,25%
03-04-2011,8,25%
03-05-2011,8,23%
02-06-2011,8,21%
02-07-2011,9,21%
01-08-2011,9,21%
31-08-2011,9,20%
30-09-2011,9,20%
30-10-2011,9,20%
29-11-2011,9,18%
29-12-2011,9,18%
28-01-2012,9,20%
27-02-2012,9,21%
28-03-2012,9,21%
27-04-2012,9,19%
27-05-2012,9,17%
26-06-2012,9,17%
26-07-2012,10,18%
25-08-2012,10,19%
24-09-2012,10,19%
24-10-2012,10,18%
23-11-2012,10,18%
23-12-2012,10,19%
22-01-2013,10,20%
21-02-2013,10,20%
23-03-2013,10,19%
22-04-2013,10,19%
22-05-2013,10,18%
21-06-2013,10,16%
08-07-2004,1,30%
07-08-2004,1,31%
06-09-2004,1,20%
06-10-2004,1,18%
05-11-2004,1,16%
05-12-2004,1,18%
04-01-2005,1,7%
03-02-2005,1,11%
05-03-2005,1,16%
04-04-2005,1,11%
04-05-2005,1,8%
03-06-2005,1,35%
03-07-2005,2,37%
02-08-2005,2,37%
01-09-2005,2,32%
01-10-2005,2,31%
31-10-2005,2,22%
30-11-2005,2,25%
30-12-2005,2,20%
29-01-2006,2,26%
28-02-2006,2,29%
30-03-2006,2,36%
29-04-2006,2,40%
29-05-2006,2,44%
28-06-2006,2,40%
28-07-2006,3,36%
27-08-2006,3,35%
26-09-2006,3,33%
26-10-2006,3,32%
25-11-2006,3,33%
25-12-2006,3,25%
24-01-2007,3,30%
23-02-2007,3,29%
25-03-2007,3,28%
24-04-2007,3,32%
24-05-2007,3,39%
23-06-2007,3,41%
23-07-2007,4,39%
22-08-2007,4,32%
21-09-2007,4,33%
21-10-2007,4,34%
20-11-2007,4,36%
20-12-2007,4,31%
19-01-2008,4,32%
18-02-2008,4,30%
19-03-2008,4,25%
18-04-2008,4,29%
18-05-2008,4,35%
17-06-2008,4,32%
17-07-2008,5,26%
16-08-2008,5,26%
15-09-2008,5,22%
15-10-2008,5,16%
14-11-2008,5,11%
14-12-2008,5,8%
13-01-2009,5,8%
12-02-2009,5,9%
14-03-2009,5,8%
13-04-2009,5,13%
13-05-2009,5,19%
12-06-2009,5,25%
12-07-2009,6,21%
11-08-2009,6,22%
10-09-2009,6,21%
10-10-2009,6,21%
09-11-2009,6,19%
09-12-2009,6,17%
08-01-2010,6,19%
07-02-2010,6,17%
09-03-2010,6,18%
08-04-2010,6,20%
08-05-2010,6,22%
07-06-2010,6,22%
07-07-2010,7,23%
06-08-2010,7,22%
05-09-2010,7,20%
05-10-2010,7,21%
04-11-2010,7,21%
04-12-2010,7,17%
03-01-2011,7,18%
02-02-2011,7,17%
04-03-2011,7,17%
03-04-2011,7,18%
03-05-2011,7,20%
02-06-2011,7,20%
02-07-2011,8,21%
01-08-2011,8,19%
31-08-2011,8,16%
30-09-2011,8,15%
30-10-2011,8,15%
29-11-2011,8,12%
29-12-2011,8,12%
28-01-2012,8,14%
27-02-2012,8,14%
28-03-2012,8,14%
27-04-2012,8,16%
27-05-2012,8,16%
26-06-2012,8,15%
26-07-2012,9,16%
25-08-2012,9,15%
24-09-2012,9,15%
24-10-2012,9,14%
23-11-2012,9,12%
23-12-2012,9,13%
22-01-2013,9,14%
21-02-2013,9,14%
23-03-2013,9,14%
22-04-2013,9,16%
22-05-2013,9,17%
21-06-2013,9,15%
21-07-2013,10,16%
20-08-2013,10,13%
19-09-2013,10,14%
19-10-2013,10,14%
18-11-2013,10,12%
18-12-2013,10,13%
17-01-2014,10,13%
16-02-2014,10,13%
18-03-2014,10,14%
17-04-2014,10,16%
17-05-2014,10,17%
16-06-2014,10,17%
03-07-2005,1,46%
02-08-2005,1,44%
01-09-2005,1,46%
01-10-2005,1,45%
31-10-2005,1,28%
30-11-2005,1,33%
30-12-2005,1,35%
29-01-2006,1,43%
28-02-2006,1,43%
30-03-2006,1,66%
29-04-2006,1,83%
29-05-2006,1,54%
28-06-2006,1,35%
28-07-2006,2,38%
27-08-2006,2,44%
26-09-2006,2,41%
26-10-2006,2,41%
25-11-2006,2,41%
25-12-2006,2,36%
24-01-2007,2,40%
23-02-2007,2,35%
25-03-2007,2,37%
24-04-2007,2,46%
24-05-2007,2,42%
23-06-2007,2,39%
23-07-2007,3,41%
22-08-2007,3,36%
21-09-2007,3,39%
21-10-2007,3,41%
20-11-2007,3,43%
20-12-2007,3,40%
19-01-2008,3,40%
18-02-2008,3,35%
19-03-2008,3,30%
18-04-2008,3,37%
18-05-2008,3,35%
17-06-2008,3,28%
17-07-2008,4,25%
16-08-2008,4,28%
15-09-2008,4,23%
15-10-2008,4,16%
14-11-2008,4,9%
14-12-2008,4,9%
13-01-2009,4,7%
12-02-2009,4,8%
14-03-2009,4,7%
13-04-2009,4,15%
13-05-2009,4,15%
12-06-2009,4,20%
12-07-2009,5,20%
11-08-2009,5,22%
10-09-2009,5,22%
10-10-2009,5,22%
09-11-2009,5,20%
09-12-2009,5,19%
08-01-2010,5,20%
07-02-2010,5,17%
09-03-2010,5,20%
08-04-2010,5,22%
08-05-2010,5,19%
07-06-2010,5,18%
07-07-2010,6,21%
06-08-2010,6,22%
05-09-2010,6,20%
05-10-2010,6,22%
04-11-2010,6,21%
04-12-2010,6,19%
03-01-2011,6,20%
02-02-2011,6,17%
04-03-2011,6,18%
03-04-2011,6,20%
03-05-2011,6,18%
02-06-2011,6,17%
02-07-2011,7,19%
01-08-2011,7,19%
31-08-2011,7,16%
30-09-2011,7,15%
30-10-2011,7,15%
29-11-2011,7,13%
29-12-2011,7,12%
28-01-2012,7,13%
27-02-2012,7,14%
28-03-2012,7,15%
27-04-2012,7,14%
27-05-2012,7,12%
26-06-2012,7,12%
26-07-2012,8,15%
25-08-2012,8,15%
24-09-2012,8,15%
24-10-2012,8,14%
23-11-2012,8,13%
23-12-2012,8,14%
22-01-2013,8,14%
21-02-2013,8,14%
23-03-2013,8,14%
22-04-2013,8,14%
22-05-2013,8,14%
21-06-2013,8,12%
21-07-2013,9,16%
20-08-2013,9,13%
19-09-2013,9,14%
19-10-2013,9,13%
18-11-2013,9,13%
18-12-2013,9,13%
17-01-2014,9,13%
16-02-2014,9,13%
18-03-2014,9,14%
17-04-2014,9,14%
17-05-2014,9,14%
16-06-2014,9,14%
16-07-2014,10,17%
15-08-2014,10,16%
14-09-2014,10,16%
14-10-2014,10,15%
13-11-2014,10,15%
13-12-2014,10,15%
12-01-2015,10,15%
11-02-2015,10,15%
13-03-2015,10,16%
12-04-2015,10,15%
12-05-2015,10,14%
11-06-2015,10,13%
28-07-2006,1,33%
27-08-2006,1,41%
26-09-2006,1,37%
26-10-2006,1,55%
25-11-2006,1,49%
25-12-2006,1,36%
24-01-2007,1,37%
23-02-2007,1,28%
25-03-2007,1,13%
24-04-2007,1,16%
24-05-2007,1,31%
23-06-2007,1,43%
23-07-2007,2,40%
22-08-2007,2,31%
21-09-2007,2,36%
21-10-2007,2,48%
20-11-2007,2,48%
20-12-2007,2,43%
19-01-2008,2,38%
18-02-2008,2,31%
19-03-2008,2,16%
18-04-2008,2,18%
18-05-2008,2,27%
17-06-2008,2,25%
17-07-2008,3,19%
16-08-2008,3,23%
15-09-2008,3,16%
15-10-2008,3,12%
14-11-2008,3,2%
14-12-2008,3,1%
13-01-2009,3,-3%
12-02-2009,3,-2%
14-03-2009,3,-7%
13-04-2009,3,-2%
13-05-2009,3,4%
12-06-2009,3,15%
12-07-2009,4,14%
11-08-2009,4,17%
10-09-2009,4,17%
10-10-2009,4,20%
09-11-2009,4,17%
09-12-2009,4,16%
08-01-2010,4,15%
07-02-2010,4,12%
09-03-2010,4,11%
08-04-2010,4,11%
08-05-2010,4,12%
07-06-2010,4,14%
07-07-2010,5,17%
06-08-2010,5,18%
05-09-2010,5,16%
05-10-2010,5,21%
04-11-2010,5,19%
04-12-2010,5,16%
03-01-2011,5,16%
02-02-2011,5,12%
04-03-2011,5,10%
03-04-2011,5,10%
03-05-2011,5,12%
02-06-2011,5,13%
02-07-2011,6,16%
01-08-2011,6,15%
31-08-2011,6,12%
30-09-2011,6,13%
30-10-2011,6,12%
29-11-2011,6,9%
29-12-2011,6,8%
28-01-2012,6,9%
27-02-2012,6,8%
28-03-2012,6,7%
27-04-2012,6,8%
27-05-2012,6,9%
26-06-2012,6,9%
26-07-2012,7,11%
25-08-2012,7,11%
24-09-2012,7,13%
24-10-2012,7,12%
23-11-2012,7,10%
23-12-2012,7,10%
22-01-2013,7,10%
21-02-2013,7,8%
23-03-2013,7,7%
22-04-2013,7,9%
22-05-2013,7,11%
21-06-2013,7,9%
21-07-2013,8,12%
20-08-2013,8,10%
19-09-2013,8,13%
19-10-2013,8,11%
18-11-2013,8,10%
18-12-2013,8,10%
17-01-2014,8,9%
16-02-2014,8,7%
18-03-2014,8,8%
17-04-2014,8,10%
17-05-2014,8,12%
16-06-2014,8,12%
16-07-2014,9,14%
15-08-2014,9,13%
14-09-2014,9,15%
14-10-2014,9,13%
13-11-2014,9,13%
13-12-2014,9,12%
12-01-2015,9,12%
11-02-2015,9,11%
13-03-2015,9,10%
12-04-2015,9,12%
12-05-2015,9,12%
11-06-2015,9,11%
11-07-2015,10,13%
10-08-2015,10,13%
09-09-2015,10,13%
09-10-2015,10,12%
08-11-2015,10,11%
08-12-2015,10,10%
07-01-2016,10,9%
06-02-2016,10,8%
07-03-2016,10,8%
06-04-2016,10,9%
06-05-2016,10,10%
05-06-2016,10,10%
23-07-2007,1,48%
22-08-2007,1,23%
21-09-2007,1,35%
21-10-2007,1,42%
20-11-2007,1,46%
20-12-2007,1,49%
19-01-2008,1,39%
18-02-2008,1,34%
19-03-2008,1,18%
18-04-2008,1,20%
18-05-2008,1,23%
17-06-2008,1,9%
17-07-2008,2,12%
16-08-2008,2,14%
15-09-2008,2,7%
15-10-2008,2,-5%
14-11-2008,2,-16%
14-12-2008,2,-13%
13-01-2009,2,-18%
12-02-2009,2,-14%
14-03-2009,2,-16%
13-04-2009,2,-10%
13-05-2009,2,-7%
12-06-2009,2,4%
12-07-2009,3,9%
11-08-2009,3,10%
10-09-2009,3,11%
10-10-2009,3,10%
09-11-2009,3,7%
09-12-2009,3,10%
08-01-2010,3,9%
07-02-2010,3,6%
09-03-2010,3,10%
08-04-2010,3,9%
08-05-2010,3,6%
07-06-2010,3,6%
07-07-2010,4,14%
06-08-2010,4,13%
05-09-2010,4,11%
05-10-2010,4,14%
04-11-2010,4,12%
04-12-2010,4,12%
03-01-2011,4,11%
02-02-2011,4,8%
04-03-2011,4,9%
03-04-2011,4,9%
03-05-2011,4,7%
02-06-2011,4,7%
02-07-2011,5,12%
01-08-2011,5,10%
31-08-2011,5,7%
30-09-2011,5,6%
30-10-2011,5,6%
29-11-2011,5,4%
29-12-2011,5,3%
28-01-2012,5,6%
27-02-2012,5,6%
28-03-2012,5,5%
27-04-2012,5,4%
27-05-2012,5,3%
26-06-2012,5,2%
26-07-2012,6,7%
25-08-2012,6,7%
24-09-2012,6,7%
24-10-2012,6,6%
23-11-2012,6,6%
23-12-2012,6,6%
22-01-2013,6,7%
21-02-2013,6,7%
23-03-2013,6,5%
22-04-2013,6,6%
22-05-2013,6,6%
21-06-2013,6,3%
21-07-2013,7,9%
20-08-2013,7,6%
19-09-2013,7,8%
19-10-2013,7,7%
18-11-2013,7,7%
18-12-2013,7,6%
17-01-2014,7,7%
16-02-2014,7,7%
18-03-2014,7,7%
17-04-2014,7,7%
17-05-2014,7,8%
16-06-2014,7,7%
16-07-2014,8,11%
15-08-2014,8,10%
14-09-2014,8,10%
14-10-2014,8,9%
13-11-2014,8,10%
13-12-2014,8,9%
12-01-2015,8,10%
11-02-2015,8,11%
13-03-2015,8,10%
12-04-2015,8,10%
12-05-2015,8,8%
11-06-2015,8,7%
11-07-2015,9,11%
10-08-2015,9,10%
09-09-2015,9,9%
09-10-2015,9,8%
08-11-2015,9,8%
08-12-2015,9,7%
07-01-2016,9,8%
06-02-2016,9,8%
07-03-2016,9,7%
06-04-2016,9,7%
06-05-2016,9,7%
05-06-2016,9,7%
05-07-2016,10,9%
04-08-2016,10,9%
03-09-2016,10,9%
03-10-2016,10,8%
02-11-2016,10,8%
02-12-2016,10,7%
01-01-2017,10,8%
31-01-2017,10,8%
02-03-2017,10,8%
01-04-2017,10,8%
01-05-2017,10,8%
31-05-2017,10,8%
30-06-2017,10,9%
17-07-2008,1,-15%
16-08-2008,1,7%
15-09-2008,1,-16%
15-10-2008,1,-36%
14-11-2008,1,-51%
14-12-2008,1,-49%
13-01-2009,1,-52%
12-02-2009,1,-45%
14-03-2009,1,-41%
13-04-2009,1,-32%
13-05-2009,1,-30%
12-06-2009,1,-1%
12-07-2009,2,-7%
11-08-2009,2,4%
10-09-2009,2,0%
10-10-2009,2,-3%
09-11-2009,2,-8%
09-12-2009,2,-6%
08-01-2010,2,-4%
07-02-2010,2,-5%
09-03-2010,2,6%
08-04-2010,2,3%
08-05-2010,2,-1%
07-06-2010,2,4%
07-07-2010,3,4%
06-08-2010,3,9%
05-09-2010,3,4%
05-10-2010,3,6%
04-11-2010,3,3%
04-12-2010,3,1%
03-01-2011,3,3%
02-02-2011,3,1%
04-03-2011,3,7%
03-04-2011,3,6%
03-05-2011,3,3%
02-06-2011,3,6%
02-07-2011,4,5%
01-08-2011,4,7%
31-08-2011,4,1%
30-09-2011,4,-1%
30-10-2011,4,-2%
29-11-2011,4,-4%
29-12-2011,4,-5%
28-01-2012,4,0%
27-02-2012,4,4%
28-03-2012,4,1%
27-04-2012,4,0%
27-05-2012,4,1%
26-06-2012,4,7%
26-07-2012,5,4%
25-08-2012,5,2%
24-09-2012,5,2%
24-10-2012,5,0%
23-11-2012,5,0%
23-12-2012,5,0%
22-01-2013,5,3%
21-02-2013,5,5%
23-03-2013,5,3%
22-04-2013,5,2%
22-05-2013,5,6%
21-06-2013,5,8%
21-07-2013,6,6%
20-08-2013,6,2%
19-09-2013,6,3%
19-10-2013,6,1%
18-11-2013,6,1%
18-12-2013,6,1%
17-01-2014,6,3%
16-02-2014,6,5%
18-03-2014,6,5%
17-04-2014,6,5%
17-05-2014,6,8%
16-06-2014,6,11%
16-07-2014,7,9%
15-08-2014,7,7%
14-09-2014,7,7%
14-10-2014,7,4%
13-11-2014,7,5%
13-12-2014,7,5%
12-01-2015,7,7%
11-02-2015,7,9%
13-03-2015,7,8%
12-04-2015,7,8%
12-05-2015,7,8%
11-06-2015,7,11%
11-07-2015,8,9%
10-08-2015,8,7%
09-09-2015,8,5%
09-10-2015,8,4%
08-11-2015,8,4%
08-12-2015,8,4%
07-01-2016,8,5%
06-02-2016,8,6%
07-03-2016,8,5%
06-04-2016,8,5%
06-05-2016,8,7%
05-06-2016,8,10%
05-07-2016,9,8%
04-08-2016,9,7%
03-09-2016,9,6%
03-10-2016,9,5%
02-11-2016,9,4%
02-12-2016,9,4%
01-01-2017,9,5%
31-01-2017,9,7%
02-03-2017,9,7%
01-04-2017,9,7%
01-05-2017,9,8%
31-05-2017,9,10%
30-06-2017,9,9%
30-07-2017,10,8%
29-08-2017,10,7%
28-09-2017,10,5%
28-10-2017,10,6%
27-11-2017,10,6%
27-12-2017,10,7%
26-01-2018,10,9%
25-02-2018,10,8%
27-03-2018,10,7%
26-04-2018,10,9%
26-05-2018,10,10%
25-06-2018,10,9%
12-07-2009,1,1%
11-08-2009,1,1%
10-09-2009,1,18%
10-10-2009,1,48%
09-11-2009,1,74%
09-12-2009,1,75%
08-01-2010,1,91%
07-02-2010,1,64%
09-03-2010,1,88%
08-04-2010,1,57%
08-05-2010,1,38%
07-06-2010,1,10%
07-07-2010,2,15%
06-08-2010,2,11%
05-09-2010,2,16%
05-10-2010,2,36%
04-11-2010,2,50%
04-12-2010,2,43%
03-01-2011,2,50%
02-02-2011,2,37%
04-03-2011,2,43%
03-04-2011,2,31%
03-05-2011,2,24%
02-06-2011,2,10%
02-07-2011,3,13%
01-08-2011,3,8%
31-08-2011,3,7%
30-09-2011,3,14%
30-10-2011,3,24%
29-11-2011,3,18%
29-12-2011,3,19%
28-01-2012,3,22%
27-02-2012,3,25%
28-03-2012,3,15%
27-04-2012,3,13%
27-05-2012,3,2%
26-06-2012,3,9%
26-07-2012,4,3%
25-08-2012,4,7%
24-09-2012,4,14%
24-10-2012,4,19%
23-11-2012,4,18%
23-12-2012,4,21%
22-01-2013,4,20%
21-02-2013,4,21%
23-03-2013,4,14%
22-04-2013,4,13%
22-05-2013,4,7%
21-06-2013,4,9%
21-07-2013,5,6%
20-08-2013,5,6%
19-09-2013,5,13%
19-10-2013,5,17%
18-11-2013,5,16%
18-12-2013,5,18%
17-01-2014,5,17%
16-02-2014,5,17%
18-03-2014,5,14%
17-04-2014,5,13%
17-05-2014,5,9%
16-06-2014,5,13%
16-07-2014,6,9%
15-08-2014,6,11%
14-09-2014,6,16%
14-10-2014,6,19%
13-11-2014,6,19%
13-12-2014,6,20%
12-01-2015,6,19%
11-02-2015,6,21%
13-03-2015,6,17%
12-04-2015,6,16%
12-05-2015,6,10%
11-06-2015,6,12%
11-07-2015,7,9%
10-08-2015,7,11%
09-09-2015,7,13%
09-10-2015,7,17%
08-11-2015,7,15%
08-12-2015,7,16%
07-01-2016,7,15%
06-02-2016,7,16%
07-03-2016,7,12%
06-04-2016,7,11%
06-05-2016,7,8%
05-06-2016,7,11%
05-07-2016,8,8%
04-08-2016,8,10%
03-09-2016,8,13%
03-10-2016,8,15%
02-11-2016,8,14%
02-12-2016,8,14%
01-01-2017,8,14%
31-01-2017,8,15%
02-03-2017,8,13%
01-04-2017,8,12%
01-05-2017,8,9%
31-05-2017,8,12%
30-06-2017,8,10%
30-07-2017,9,11%
29-08-2017,9,13%
28-09-2017,9,15%
28-10-2017,9,15%
27-11-2017,9,16%
27-12-2017,9,15%
26-01-2018,9,17%
25-02-2018,9,13%
27-03-2018,9,12%
26-04-2018,9,10%
26-05-2018,9,11%
25-06-2018,9,10%
25-07-2018,10,11%
24-08-2018,10,13%
23-09-2018,10,15%
23-10-2018,10,13%
22-11-2018,10,14%
22-12-2018,10,14%
21-01-2019,10,15%
20-02-2019,10,12%
22-03-2019,10,12%
21-04-2019,10,10%
21-05-2019,10,11%
20-06-2019,10,10%
07-07-2010,1,31%
06-08-2010,1,22%
05-09-2010,1,14%
05-10-2010,1,24%
04-11-2010,1,28%
04-12-2010,1,17%
03-01-2011,1,17%
02-02-2011,1,14%
04-03-2011,1,9%
03-04-2011,1,10%
03-05-2011,1,11%
02-06-2011,1,10%
02-07-2011,2,19%
01-08-2011,2,11%
31-08-2011,2,2%
30-09-2011,2,0%
30-10-2011,2,5%
29-11-2011,2,-3%
29-12-2011,2,-6%
28-01-2012,2,5%
27-02-2012,2,2%
28-03-2012,2,-1%
27-04-2012,2,2%
27-05-2012,2,-1%
26-06-2012,2,-1%
26-07-2012,3,4%
25-08-2012,3,4%
24-09-2012,3,5%
24-10-2012,3,5%
23-11-2012,3,3%
23-12-2012,3,4%
22-01-2013,3,8%
21-02-2013,3,5%
23-03-2013,3,2%
22-04-2013,3,5%
22-05-2013,3,7%
21-06-2013,3,3%
21-07-2013,4,8%
20-08-2013,4,3%
19-09-2013,4,5%
19-10-2013,4,6%
18-11-2013,4,5%
18-12-2013,4,4%
17-01-2014,4,7%
16-02-2014,4,4%
18-03-2014,4,5%
17-04-2014,4,8%
17-05-2014,4,9%
16-06-2014,4,9%
16-07-2014,5,11%
15-08-2014,5,10%
14-09-2014,5,10%
14-10-2014,5,10%
13-11-2014,5,10%
13-12-2014,5,9%
12-01-2015,5,12%
11-02-2015,5,11%
13-03-2015,5,10%
12-04-2015,5,12%
12-05-2015,5,10%
11-06-2015,5,9%
11-07-2015,6,11%
10-08-2015,6,10%
09-09-2015,6,8%
09-10-2015,6,9%
08-11-2015,6,8%
08-12-2015,6,7%
07-01-2016,6,8%
06-02-2016,6,7%
07-03-2016,6,6%
06-04-2016,6,7%
06-05-2016,6,7%
05-06-2016,6,8%
05-07-2016,7,9%
04-08-2016,7,9%
03-09-2016,7,9%
03-10-2016,7,9%
02-11-2016,7,8%
02-12-2016,7,6%
01-01-2017,7,8%
31-01-2017,7,8%
02-03-2017,7,8%
01-04-2017,7,9%
01-05-2017,7,9%
31-05-2017,7,9%
30-06-2017,7,8%
30-07-2017,8,10%
29-08-2017,8,9%
28-09-2017,8,9%
28-10-2017,8,9%
27-11-2017,8,9%
27-12-2017,8,10%
26-01-2018,8,10%
25-02-2018,8,9%
27-03-2018,8,9%
26-04-2018,8,10%
26-05-2018,8,9%
25-06-2018,8,9%
25-07-2018,9,10%
24-08-2018,9,10%
23-09-2018,9,10%
23-10-2018,9,8%
22-11-2018,9,8%
22-12-2018,9,9%
21-01-2019,9,9%
20-02-2019,9,8%
22-03-2019,9,10%
21-04-2019,9,10%
21-05-2019,9,9%
20-06-2019,9,9%
20-07-2019,10,9%
19-08-2019,10,8%
18-09-2019,10,8%
18-10-2019,10,9%
17-11-2019,10,9%
17-12-2019,10,10%
16-01-2020,10,9%
15-02-2020,10,9%
16-03-2020,10,6%
15-04-2020,10,6%
15-05-2020,10,6%
14-06-2020,10,6%
02-07-2011,1,7%
01-08-2011,1,1%
31-08-2011,1,-9%
30-09-2011,1,-20%
30-10-2011,1,-15%
29-11-2011,1,-20%
29-12-2011,1,-25%
28-01-2012,1,-4%
27-02-2012,1,-5%
28-03-2012,1,-11%
27-04-2012,1,-7%
27-05-2012,1,-11%
26-06-2012,1,-9%
26-07-2012,2,-4%
25-08-2012,2,-1%
24-09-2012,2,-4%
24-10-2012,2,-5%
23-11-2012,2,-3%
23-12-2012,2,-3%
22-01-2013,2,6%
21-02-2013,2,3%
23-03-2013,2,-2%
22-04-2013,2,2%
22-05-2013,2,5%
21-06-2013,2,0%
21-07-2013,3,3%
20-08-2013,3,0%
19-09-2013,3,0%
19-10-2013,3,0%
18-11-2013,3,1%
18-12-2013,3,0%
17-01-2014,3,5%
16-02-2014,3,3%
18-03-2014,3,4%
17-04-2014,3,7%
17-05-2014,3,9%
16-06-2014,3,10%
16-07-2014,4,9%
15-08-2014,4,9%
14-09-2014,4,7%
14-10-2014,4,6%
13-11-2014,4,9%
13-12-2014,4,8%
12-01-2015,4,11%
11-02-2015,4,12%
13-03-2015,4,10%
12-04-2015,4,12%
12-05-2015,4,10%
11-06-2015,4,9%
11-07-2015,5,9%
10-08-2015,5,9%
09-09-2015,5,5%
09-10-2015,5,5%
08-11-2015,5,6%
08-12-2015,5,5%
07-01-2016,5,7%
06-02-2016,5,6%
07-03-2016,5,5%
06-04-2016,5,6%
06-05-2016,5,7%
05-06-2016,5,8%
05-07-2016,6,7%
04-08-2016,6,8%
03-09-2016,6,6%
03-10-2016,6,6%
02-11-2016,6,6%
02-12-2016,6,5%
01-01-2017,6,7%
31-01-2017,6,8%
02-03-2017,6,7%
01-04-2017,6,9%
01-05-2017,6,9%
31-05-2017,6,9%
30-06-2017,6,10%
30-07-2017,7,9%
29-08-2017,7,7%
28-09-2017,7,7%
28-10-2017,7,8%
27-11-2017,7,8%
27-12-2017,7,10%
26-01-2018,7,10%
25-02-2018,7,9%
27-03-2018,7,9%
26-04-2018,7,10%
26-05-2018,7,9%
25-06-2018,7,10%
25-07-2018,8,9%
24-08-2018,8,8%
23-09-2018,8,7%
23-10-2018,8,7%
22-11-2018,8,7%
22-12-2018,8,9%
21-01-2019,8,9%
20-02-2019,8,8%
22-03-2019,8,9%
21-04-2019,8,10%
21-05-2019,8,10%
20-06-2019,8,10%
20-07-2019,9,9%
19-08-2019,9,7%
18-09-2019,9,6%
18-10-2019,9,8%
17-11-2019,9,8%
17-12-2019,9,9%
16-01-2020,9,9%
15-02-2020,9,8%
16-03-2020,9,6%
15-04-2020,9,5%
15-05-2020,9,6%
14-06-2020,9,7%
14-07-2020,10,7%
13-08-2020,10,6%
12-09-2020,10,6%
12-10-2020,10,7%
11-11-2020,10,8%
11-12-2020,10,10%
10-01-2021,10,10%
09-02-2021,10,10%
11-03-2021,10,11%
10-04-2021,10,10%
10-05-2021,10,10%
09-06-2021,10,11%
26-07-2012,1,-9%
25-08-2012,1,8%
24-09-2012,1,15%
24-10-2012,1,6%
23-11-2012,1,17%
23-12-2012,1,26%
22-01-2013,1,16%
21-02-2013,1,11%
23-03-2013,1,9%
22-04-2013,1,12%
22-05-2013,1,24%
21-06-2013,1,11%
21-07-2013,2,5%
20-08-2013,2,4%
19-09-2013,2,11%
19-10-2013,2,7%
18-11-2013,2,13%
18-12-2013,2,16%
17-01-2014,2,10%
16-02-2014,2,7%
18-03-2014,2,12%
17-04-2014,2,14%
17-05-2014,2,21%
16-06-2014,2,21%
16-07-2014,3,11%
15-08-2014,3,16%
14-09-2014,3,18%
14-10-2014,3,14%
13-11-2014,3,20%
13-12-2014,3,21%
12-01-2015,3,17%
11-02-2015,3,18%
13-03-2015,3,19%
12-04-2015,3,19%
12-05-2015,3,18%
11-06-2015,3,16%
11-07-2015,4,11%
10-08-2015,4,14%
09-09-2015,4,12%
09-10-2015,4,11%
08-11-2015,4,13%
08-12-2015,4,13%
07-01-2016,4,10%
06-02-2016,4,9%
07-03-2016,4,10%
06-04-2016,4,10%
06-05-2016,4,12%
05-06-2016,4,13%
05-07-2016,5,9%
04-08-2016,5,11%
03-09-2016,5,12%
03-10-2016,5,10%
02-11-2016,5,12%
02-12-2016,5,12%
01-01-2017,5,9%
31-01-2017,5,10%
02-03-2017,5,11%
01-04-2017,5,12%
01-05-2017,5,14%
31-05-2017,5,13%
30-06-2017,5,14%
30-07-2017,6,12%
29-08-2017,6,12%
28-09-2017,6,11%
28-10-2017,6,14%
27-11-2017,6,14%
27-12-2017,6,12%
26-01-2018,6,13%
25-02-2018,6,12%
27-03-2018,6,12%
26-04-2018,6,14%
26-05-2018,6,13%
25-06-2018,6,13%
25-07-2018,7,12%
24-08-2018,7,13%
23-09-2018,7,11%
23-10-2018,7,11%
22-11-2018,7,12%
22-12-2018,7,11%
21-01-2019,7,11%
20-02-2019,7,11%
22-03-2019,7,12%
21-04-2019,7,13%
21-05-2019,7,13%
20-06-2019,7,13%
20-07-2019,8,11%
19-08-2019,8,11%
18-09-2019,8,9%
18-10-2019,8,12%
17-11-2019,8,12%
17-12-2019,8,11%
16-01-2020,8,11%
15-02-2020,8,11%
16-03-2020,8,7%
15-04-2020,8,8%
15-05-2020,8,8%
14-06-2020,8,9%
14-07-2020,9,9%
13-08-2020,9,10%
12-09-2020,9,9%
12-10-2020,9,11%
11-11-2020,9,12%
11-12-2020,9,11%
10-01-2021,9,12%
09-02-2021,9,13%
11-03-2021,9,13%
10-04-2021,9,13%
10-05-2021,9,13%
09-06-2021,9,13%
09-07-2021,10,12%
08-08-2021,10,13%
07-09-2021,10,12%
07-10-2021,10,14%
06-11-2021,10,14%
06-12-2021,10,13%
05-01-2022,10,13%
04-02-2022,10,13%
06-03-2022,10,12%
05-04-2022,10,14%
21-07-2013,1,20%
20-08-2013,1,0%
19-09-2013,1,8%
19-10-2013,1,9%
18-11-2013,1,10%
18-12-2013,1,6%
17-01-2014,1,4%
16-02-2014,1,3%
18-03-2014,1,15%
17-04-2014,1,16%
17-05-2014,1,18%
16-06-2014,1,33%
16-07-2014,2,23%
15-08-2014,2,20%
14-09-2014,2,20%
14-10-2014,2,18%
13-11-2014,2,22%
13-12-2014,2,19%
12-01-2015,2,17%
11-02-2015,2,21%
13-03-2015,2,24%
12-04-2015,2,23%
12-05-2015,2,15%
11-06-2015,2,19%
11-07-2015,3,18%
10-08-2015,3,17%
09-09-2015,3,11%
09-10-2015,3,13%
08-11-2015,3,12%
08-12-2015,3,10%
07-01-2016,3,8%
06-02-2016,3,9%
07-03-2016,3,10%
06-04-2016,3,9%
06-05-2016,3,8%
05-06-2016,3,13%
05-07-2016,4,13%
04-08-2016,4,12%
03-09-2016,4,12%
03-10-2016,4,11%
02-11-2016,4,11%
02-12-2016,4,8%
01-01-2017,4,8%
31-01-2017,4,10%
02-03-2017,4,12%
01-04-2017,4,12%
01-05-2017,4,11%
31-05-2017,4,14%
30-06-2017,4,12%
30-07-2017,5,13%
29-08-2017,5,12%
28-09-2017,5,11%
28-10-2017,5,13%
27-11-2017,5,12%
27-12-2017,5,12%
26-01-2018,5,14%
25-02-2018,5,13%
27-03-2018,5,12%
26-04-2018,5,12%
26-05-2018,5,13%
25-06-2018,5,12%
25-07-2018,6,13%
24-08-2018,6,13%
23-09-2018,6,12%
23-10-2018,6,10%
22-11-2018,6,10%
22-12-2018,6,10%
21-01-2019,6,11%
20-02-2019,6,11%
22-03-2019,6,12%
21-04-2019,6,12%
21-05-2019,6,13%
20-06-2019,6,12%
20-07-2019,7,11%
19-08-2019,7,10%
18-09-2019,7,10%
18-10-2019,7,11%
17-11-2019,7,11%
17-12-2019,7,10%
16-01-2020,7,11%
15-02-2020,7,12%
16-03-2020,7,7%
15-04-2020,7,6%
15-05-2020,7,7%
14-06-2020,7,7%
14-07-2020,8,9%
13-08-2020,8,9%
12-09-2020,8,9%
12-10-2020,8,10%
11-11-2020,8,10%
11-12-2020,8,11%
10-01-2021,8,12%
09-02-2021,8,13%
11-03-2021,8,13%
10-04-2021,8,12%
10-05-2021,8,13%
09-06-2021,8,13%
09-07-2021,9,13%
08-08-2021,9,12%
07-09-2021,9,13%
07-10-2021,9,14%
06-11-2021,9,13%
06-12-2021,9,12%
05-01-2022,9,13%
04-02-2022,9,13%
06-03-2022,9,12%
05-04-2022,9,13%
16-07-2014,1,26%
15-08-2014,1,44%
14-09-2014,1,33%
14-10-2014,1,27%
13-11-2014,1,35%
13-12-2014,1,32%
12-01-2015,1,33%
11-02-2015,1,43%
13-03-2015,1,33%
12-04-2015,1,30%
12-05-2015,1,13%
11-06-2015,1,6%
11-07-2015,2,18%
10-08-2015,2,26%
09-09-2015,2,13%
09-10-2015,2,15%
08-11-2015,2,13%
08-12-2015,2,11%
07-01-2016,2,10%
06-02-2016,2,11%
07-03-2016,2,7%
06-04-2016,2,6%
06-05-2016,2,4%
05-06-2016,2,4%
05-07-2016,3,11%
04-08-2016,3,17%
03-09-2016,3,13%
03-10-2016,3,12%
02-11-2016,3,11%
02-12-2016,3,9%
01-01-2017,3,9%
31-01-2017,3,12%
02-03-2017,3,11%
01-04-2017,3,11%
01-05-2017,3,9%
31-05-2017,3,8%
30-06-2017,3,8%
30-07-2017,4,17%
29-08-2017,4,13%
28-09-2017,4,12%
28-10-2017,4,14%
27-11-2017,4,14%
27-12-2017,4,14%
26-01-2018,4,16%
25-02-2018,4,13%
27-03-2018,4,11%
26-04-2018,4,10%
26-05-2018,4,9%
25-06-2018,4,9%
25-07-2018,5,16%
24-08-2018,5,14%
23-09-2018,5,12%
23-10-2018,5,10%
22-11-2018,5,11%
22-12-2018,5,11%
21-01-2019,5,13%
20-02-2019,5,10%
22-03-2019,5,11%
21-04-2019,5,10%
21-05-2019,5,9%
20-06-2019,5,9%
20-07-2019,6,13%
19-08-2019,6,10%
18-09-2019,6,10%
18-10-2019,6,11%
17-11-2019,6,11%
17-12-2019,6,12%
16-01-2020,6,13%
15-02-2020,6,11%
16-03-2020,6,5%
15-04-2020,6,4%
15-05-2020,6,3%
14-06-2020,6,5%
14-07-2020,7,10%
13-08-2020,7,9%
12-09-2020,7,9%
12-10-2020,7,10%
11-11-2020,7,11%
11-12-2020,7,12%
10-01-2021,7,13%
09-02-2021,7,13%
11-03-2021,7,12%
10-04-2021,7,11%
10-05-2021,7,10%
09-06-2021,7,11%
09-07-2021,8,14%
08-08-2021,8,13%
07-09-2021,8,14%
07-10-2021,8,14%
06-11-2021,8,14%
06-12-2021,8,13%
05-01-2022,8,15%
04-02-2022,8,13%
06-03-2022,8,12%
05-04-2022,8,12%
11-07-2015,1,10%
10-08-2015,1,9%
09-09-2015,1,-4%
09-10-2015,1,4%
08-11-2015,1,-5%
08-12-2015,1,-6%
07-01-2016,1,-9%
06-02-2016,1,-13%
07-03-2016,1,-13%
06-04-2016,1,-13%
06-05-2016,1,-5%
05-06-2016,1,3%
05-07-2016,2,5%
04-08-2016,2,5%
03-09-2016,2,4%
03-10-2016,2,5%
02-11-2016,2,1%
02-12-2016,2,-1%
01-01-2017,2,-1%
31-01-2017,2,0%
02-03-2017,2,1%
01-04-2017,2,2%
01-05-2017,2,7%
31-05-2017,2,10%
30-06-2017,2,7%
30-07-2017,3,9%
29-08-2017,3,7%
28-09-2017,3,7%
28-10-2017,3,7%
27-11-2017,3,8%
27-12-2017,3,8%
26-01-2018,3,9%
25-02-2018,3,7%
27-03-2018,3,5%
26-04-2018,3,9%
26-05-2018,3,10%
25-06-2018,3,9%
25-07-2018,4,9%
24-08-2018,4,9%
23-09-2018,4,9%
23-10-2018,4,5%
22-11-2018,4,6%
22-12-2018,4,7%
21-01-2019,4,6%
20-02-2019,4,6%
22-03-2019,4,7%
21-04-2019,4,10%
21-05-2019,4,10%
20-06-2019,4,9%
20-07-2019,5,8%
19-08-2019,5,6%
18-09-2019,5,7%
18-10-2019,5,7%
17-11-2019,5,8%
17-12-2019,5,8%
16-01-2020,5,7%
15-02-2020,5,7%
16-03-2020,5,1%
15-04-2020,5,2%
15-05-2020,5,3%
14-06-2020,5,4%
14-07-2020,6,5%
13-08-2020,6,6%
12-09-2020,6,6%
12-10-2020,6,6%
11-11-2020,6,8%
11-12-2020,6,8%
10-01-2021,6,9%
09-02-2021,6,10%
11-03-2021,6,10%
10-04-2021,6,11%
10-05-2021,6,11%
09-06-2021,6,11%
09-07-2021,7,11%
08-08-2021,7,10%
07-09-2021,7,12%
07-10-2021,7,11%
06-11-2021,7,12%
06-12-2021,7,11%
05-01-2022,7,11%
04-02-2022,7,11%
06-03-2022,7,9%
05-04-2022,7,12%
05-07-2016,1,0%
04-08-2016,1,0%
03-09-2016,1,13%
03-10-2016,1,7%
02-11-2016,1,7%
02-12-2016,1,5%
01-01-2017,1,8%
31-01-2017,1,14%
02-03-2017,1,19%
01-04-2017,1,20%
01-05-2017,1,20%
31-05-2017,1,17%
30-06-2017,1,14%
30-07-2017,2,8%
29-08-2017,2,12%
28-09-2017,2,9%
28-10-2017,2,14%
27-11-2017,2,16%
27-12-2017,2,18%
26-01-2018,2,22%
25-02-2018,2,18%
27-03-2018,2,16%
26-04-2018,2,17%
26-05-2018,2,14%
25-06-2018,2,14%
25-07-2018,3,9%
24-08-2018,3,14%
23-09-2018,3,11%
23-10-2018,3,8%
22-11-2018,3,11%
22-12-2018,3,12%
21-01-2019,3,14%
20-02-2019,3,13%
22-03-2019,3,15%
21-04-2019,3,15%
21-05-2019,3,13%
20-06-2019,3,12%
20-07-2019,4,8%
19-08-2019,4,9%
18-09-2019,4,7%
18-10-2019,4,10%
17-11-2019,4,11%
17-12-2019,4,13%
16-01-2020,4,13%
15-02-2020,4,13%
16-03-2020,4,5%
15-04-2020,4,4%
15-05-2020,4,3%
14-06-2020,4,5%
14-07-2020,5,4%
13-08-2020,5,8%
12-09-2020,5,7%
12-10-2020,5,8%
11-11-2020,5,11%
11-12-2020,5,12%
10-01-2021,5,14%
09-02-2021,5,15%
11-03-2021,5,15%
10-04-2021,5,14%
10-05-2021,5,13%
09-06-2021,5,13%
09-07-2021,6,11%
08-08-2021,6,13%
07-09-2021,6,13%
07-10-2021,6,14%
06-11-2021,6,15%
06-12-2021,6,14%
05-01-2022,6,16%
04-02-2022,6,15%
06-03-2022,6,13%
05-04-2022,6,15%
30-07-2017,1,17%
29-08-2017,1,11%
28-09-2017,1,12%
28-10-2017,1,21%
27-11-2017,1,29%
27-12-2017,1,28%
26-01-2018,1,29%
25-02-2018,1,18%
27-03-2018,1,11%
26-04-2018,1,14%
26-05-2018,1,10%
25-06-2018,1,13%
25-07-2018,2,14%
24-08-2018,2,15%
23-09-2018,2,13%
23-10-2018,2,9%
22-11-2018,2,14%
22-12-2018,2,15%
21-01-2019,2,13%
20-02-2019,2,10%
22-03-2019,2,12%
21-04-2019,2,12%
21-05-2019,2,10%
20-06-2019,2,11%
20-07-2019,3,10%
19-08-2019,3,8%
18-09-2019,3,7%
18-10-2019,3,11%
17-11-2019,3,14%
17-12-2019,3,14%
16-01-2020,3,13%
15-02-2020,3,11%
16-03-2020,3,0%
15-04-2020,3,-1%
15-05-2020,3,-2%
14-06-2020,3,2%
14-07-2020,4,6%
13-08-2020,4,6%
12-09-2020,4,7%
12-10-2020,4,9%
11-11-2020,4,12%
11-12-2020,4,13%
10-01-2021,4,14%
09-02-2021,4,14%
11-03-2021,4,13%
10-04-2021,4,12%
10-05-2021,4,12%
09-06-2021,4,13%
09-07-2021,5,13%
08-08-2021,5,13%
07-09-2021,5,15%
07-10-2021,5,16%
06-11-2021,5,17%
06-12-2021,5,16%
05-01-2022,5,16%
04-02-2022,5,15%
06-03-2022,5,12%
05-04-2022,5,14%
25-07-2018,1,11%
24-08-2018,1,18%
23-09-2018,1,14%
23-10-2018,1,-2%
22-11-2018,1,1%
22-12-2018,1,3%
21-01-2019,1,-1%
20-02-2019,1,2%
22-03-2019,1,12%
21-04-2019,1,11%
21-05-2019,1,10%
20-06-2019,1,10%
20-07-2019,2,7%
19-08-2019,2,6%
18-09-2019,2,5%
18-10-2019,2,6%
17-11-2019,2,7%
17-12-2019,2,8%
16-01-2020,2,6%
15-02-2020,2,7%
16-03-2020,2,-5%
15-04-2020,2,-8%
15-05-2020,2,-7%
14-06-2020,2,-4%
14-07-2020,3,2%
13-08-2020,3,5%
12-09-2020,3,5%
12-10-2020,3,5%
11-11-2020,3,7%
11-12-2020,3,9%
10-01-2021,3,9%
09-02-2021,3,13%
11-03-2021,3,14%
10-04-2021,3,12%
10-05-2021,3,12%
09-06-2021,3,13%
09-07-2021,4,12%
08-08-2021,4,13%
07-09-2021,4,15%
07-10-2021,4,15%
06-11-2021,4,15%
06-12-2021,4,13%
05-01-2022,4,13%
04-02-2022,4,14%
06-03-2022,4,12%
05-04-2022,4,14%
20-07-2019,1,3%
19-08-2019,1,-4%
18-09-2019,1,-3%
18-10-2019,1,15%
17-11-2019,1,13%
17-12-2019,1,13%
16-01-2020,1,13%
15-02-2020,1,13%
16-03-2020,1,-20%
15-04-2020,1,-24%
15-05-2020,1,-22%
14-06-2020,1,-16%
14-07-2020,2,-2%
13-08-2020,2,-1%
12-09-2020,2,1%
12-10-2020,2,8%
11-11-2020,2,10%
11-12-2020,2,12%
10-01-2021,2,14%
09-02-2021,2,19%
11-03-2021,2,15%
10-04-2021,2,12%
10-05-2021,2,13%
09-06-2021,2,15%
09-07-2021,3,12%
08-08-2021,3,12%
07-09-2021,3,16%
07-10-2021,3,21%
06-11-2021,3,19%
06-12-2021,3,16%
05-01-2022,3,18%
04-02-2022,3,18%
06-03-2022,3,12%
05-04-2022,3,15%
14-07-2020,1,-7%
13-08-2020,1,2%
12-09-2020,1,6%
12-10-2020,1,2%
11-11-2020,1,7%
11-12-2020,1,11%
10-01-2021,1,16%
09-02-2021,1,25%
11-03-2021,1,65%
10-04-2021,1,66%
10-05-2021,1,64%
09-06-2021,1,57%
09-07-2021,2,17%
08-08-2021,2,21%
07-09-2021,2,27%
07-10-2021,2,24%
06-11-2021,2,23%
06-12-2021,2,18%
05-01-2022,2,20%
04-02-2022,2,20%
06-03-2022,2,33%
05-04-2022,2,42%
09-07-2021,1,48%
08-08-2021,1,44%
07-09-2021,1,51%
07-10-2021,1,49%
06-11-2021,1,41%
06-12-2021,1,25%
05-01-2022,1,25%
04-02-2022,1,16%
06-03-2022,1,7%
05-04-2022,1,21%
